Exclusive: Ragini Dwivedi's sexy new avatar,http://timesofindia.indiatimes.com//entertainment/kannada/movies/news/ragini-dwivedis-sepcial-number-in-uppu-huli-khara/articleshow/56271280.cms
Embrace the New Year hangover-free,http://timesofindia.indiatimes.com//city/bengaluru/embrace-the-new-year-hangover-free/articleshow/56270519.cms
"Mohanlal: I have not lived for myself, so now I am trying to find time for that",http://timesofindia.indiatimes.com//entertainment/malayalam/mohanlal-i-have-not-lived-for-myself-so-now-i-am-trying-to-find-time-for-that/articleshow/56272425.cms
Natotsav begins on an emotionally high note,http://timesofindia.indiatimes.com//city/hyderabad/natotsav-begins-on-an-emotionally-high-note/articleshow/56272862.cms
Fashion forward,http://timesofindia.indiatimes.com//life-style/fashion/style-guide/fashion-forward/articleshow/56250282.cms
#RESOLUTION2017 - COLLEGES TO GO COMPLETELY CASHLESS,http://timesofindia.indiatimes.com//city/pune/colleges-to-go-cashless-this-year-/articleshow/56496684.cms
Look-ing ahead,http://timesofindia.indiatimes.com//life-style/beauty/look-ing-ahead/articleshow/56219640.cms
Akhilesh Yadav may now stake claim to SP chief post,http://timesofindia.indiatimes.com//india/akhilesh-yadav-may-now-stake-claim-to-sp-chief-post/articleshow/56283480.cms
Sshivada tries to cure an alcoholic with love in her next movie,http://timesofindia.indiatimes.com//entertainment/malayalam/movies/news/sshivada-tries-to-cure-an-alcoholic-with-love-in-her-next-movie/articleshow/56272625.cms
Aswathi Menon returns to M'wood with Role Models,http://timesofindia.indiatimes.com//entertainment/malayalam/movies/news/aswathi-menon-returns-to-mwood-with-role-models/articleshow/56272672.cms
Movies to watch out for in 2017,http://timesofindia.indiatimes.com//entertainment/telugu/movies/news/movies-to-watch-out-for-in-2017/articleshow/56271155.cms
Cheers to a New Year and another chance for us to get it right!,http://timesofindia.indiatimes.com//city/kochi/cheers-to-a-new-year-and-another-chance-for-us-to-get-it-right/articleshow/56272790.cms
Unique set created for Pushpaka Vimana,http://timesofindia.indiatimes.com//entertainment/kannada/movies/news/unique-jail-set-created-near-bidadi-for-pushpaka-vimana/articleshow/56271326.cms
Ganesh-Yogaraj Bhat team up for Gaalipata sequel,http://timesofindia.indiatimes.com//entertainment/kannada/movies/news/ganesh-yogaraj-bhat-team-up-for-gaalipata-sequel/articleshow/56271381.cms
Well begun is half done,http://timesofindia.indiatimes.com//life-style/health-fitness/diet/well-begun-is-half-done/articleshow/56235542.cms
"I started living my life to my highest potential: Malini Ramani, fashion designer-turned-yoga guru",http://timesofindia.indiatimes.com//life-style/health-fitness/de-stress/i-started-living-my-life-to-my-highest-potential-malini-ramani-fashion-designer-turned-yoga-guru/articleshow/56231738.cms
Genie in a diet,http://timesofindia.indiatimes.com//life-style/health-fitness/weight-loss/genie-in-a-diet/articleshow/56219950.cms
Love rules 2017,http://timesofindia.indiatimes.com//life-style/relationships/love-sex/love-rules-2017/articleshow/56235902.cms
17 ideas for 2017,http://timesofindia.indiatimes.com//life-style/health-fitness/de-stress/17-ideas-for-2017/articleshow/56231363.cms
The year of yes,http://timesofindia.indiatimes.com//life-style/health-fitness/de-stress/the-year-of-yes/articleshow/56234878.cms
How to start the New Year,http://timesofindia.indiatimes.com//life-style/health-fitness/de-stress/how-to-start-the-new-year/articleshow/56234953.cms
Pink and stripes will rule Bollywood fashion scene in 2017!,http://timesofindia.indiatimes.com//life-style/fashion/style-guide/pink-and-stripes-will-rule-bollywood-fashion-scene-in-2017/articleshow/56270941.cms
2016: A mixed bag for education sector,http://timesofindia.indiatimes.com//city/aurangabad/2016-A-mixed-bag-for-education-sector/articleshow/56263378.cms
Short-staffed excise department faces road bumps in implementing state order on liquor permit ban,http://timesofindia.indiatimes.com//city/navi-mumbai/Short-staffed-excise-department-faces-road-bumps-in-implementing-state-order-on-liquor-permit-ban/articleshow/56275571.cms
Innovative projects by students that can fit into smart city plan,http://timesofindia.indiatimes.com//city/navi-mumbai/Innovative-projects-by-students-that-can-fit-into-smart-city-plan/articleshow/56275585.cms
‘Water supply to buildings with no OC at commercial rates’,http://timesofindia.indiatimes.com//city/navi-mumbai/Water-supply-to-bldgs-with-no-OC-at-commercial-rates/articleshow/56275584.cms
Lord Krishna’s idol comes to stay in Nerul,http://timesofindia.indiatimes.com//city/navi-mumbai/Lord-Krishnas-idol-comes-to-stay-in-Nerul/articleshow/56275632.cms
Hygge up your home,http://timesofindia.indiatimes.com//life-style/home-garden/hygge-up-your-home/articleshow/56234214.cms
3 big trends for décor,http://timesofindia.indiatimes.com//life-style/home-garden/3-big-trends-for-dcor/articleshow/56234622.cms
Indian Air Force chopper carrying BSF IG makes emergency landing,http://timesofindia.indiatimes.com//city/jaipur/IAF-chopper-carrying-BSF-IG-makes-emergency-landing/articleshow/56263751.cms
"Seven highway roads through Gadchiroli to cost Rs12,000 crore",http://timesofindia.indiatimes.com//city/nagpur/Seven-highway-roads-through-Gadchiroli-to-cost-Rs12k-cr/articleshow/56263829.cms
CINTAA joins international body of artistes,http://timesofindia.indiatimes.com//tv/news/hindi/cintaa-joins-international-body-of-artistes/articleshow/56271130.cms
Horse-riding is therapeutic: Jacqueline Fernandez,http://timesofindia.indiatimes.com//entertainment/hindi/bollywood/news/horse-riding-is-therapeutic-jacqueline-fernandez/articleshow/56271754.cms
Most expected movies in 2017!,http://timesofindia.indiatimes.com//entertainment/tamil/movies/news/most-expected-movies-in-2017/articleshow/56272714.cms
Amaal Mallik: The pride in my parents' eyes is my biggest award,http://timesofindia.indiatimes.com//entertainment/hindi/bollywood/news/amaal-mallik-the-pride-in-my-parents-eyes-is-my-biggest-award/articleshow/56271655.cms
Poonam Preet is dating Sanjay Gagnani,http://timesofindia.indiatimes.com//tv/news/hindi/poonam-preet-is-dating-sanjay-gagnani/articleshow/56270956.cms
2017: The New Year Wish list for Coimbatore,http://timesofindia.indiatimes.com//city/coimbatore/2017-the-new-year-wish-list-for-coimbatore/articleshow/56312334.cms
"Pa Ranjith picks Kathir, Anandhi for his venture",http://timesofindia.indiatimes.com//entertainment/tamil/movies/news/pa-ranjith-picks-kathir-anandhi-for-his-venture/articleshow/56272390.cms
2017’s Big Shows,http://timesofindia.indiatimes.com//city/delhi/2017s-big-shows/articleshow/56272024.cms
Shravanthi looked pretty partying at Gatsby in Chennai,http://timesofindia.indiatimes.com//entertainment/events/chennai/shravanthi-looked-pretty-partying-at-gatsby-in-chennai/articleshow/56272719.cms
Shravanthi looked pretty partying at Gatsby in Chennai,http://timesofindia.indiatimes.com//city/chennai/shravanthi-looked-pretty-partying-at-gatsby-in-chennai/articleshow/56272739.cms
10 Quirky New Year resolutions you must make in 2017,http://timesofindia.indiatimes.com//life-style/10-quirky-new-year-resolutions-you-must-make-in-2017/articleshow/56271666.cms
Catch up lost sleep after New Year's Eve,http://timesofindia.indiatimes.com//life-style/health-fitness/health-news/catch-up-lost-sleep-after-new-years-eve/articleshow/56270687.cms
Sasural Simar Ka actress ‘mobbed by aunties’ on MG Road,http://timesofindia.indiatimes.com//tv/news/hindi/sasural-simar-ka-actress-mobbed-by-aunties-on-mg-road/articleshow/56272826.cms
PM Narendra Modi to spend two hours in Patna for Prakashotsava,http://timesofindia.indiatimes.com//city/patna/PM-to-spend-two-hours-in-Patna-for-Prakashotsava/articleshow/56276865.cms
‘Punjab jathedars not stopped from coming to Patna’,http://timesofindia.indiatimes.com//city/patna/Punjab-jathedars-not-stopped-from-coming-to-Patna/articleshow/56276894.cms
"For NMC, what’s good for L&T is not good for Symbiosis",http://timesofindia.indiatimes.com//city/nagpur/For-NMC-whats-good-for-LT-is-not-good-for-Symbiosis/articleshow/56275108.cms
"Cash hoarders exposed, say marginal businessmen",http://timesofindia.indiatimes.com//city/nagpur/Cash-hoarders-exposed-say-marginal-businessmen/articleshow/56275139.cms
Cold Dec: Nagpur ends year on a ‘low’,http://timesofindia.indiatimes.com//city/nagpur/Cold-Dec-City-ends-year-on-a-low/articleshow/56275150.cms
"‘Bharosa cell’ to be inaugurated by CM, Gadkari",http://timesofindia.indiatimes.com//city/nagpur/Bharosa-cell-to-be-inaugurated-by-CM-Gadkari/articleshow/56275711.cms
Paying Rs 15 extra and get govt documents at home,http://timesofindia.indiatimes.com//city/nagpur/Paying-Rs-15-extra-and-get-govt-documents-at-home/articleshow/56275113.cms
Family of kidnapped Kerala priest pins hopes on govt in New Year,http://timesofindia.indiatimes.com//city/nagpur/Family-of-kidnapped-Kerala-priest-pins-hopes-on-govt-in-New-Year/articleshow/56275154.cms
"Rajkot to get more durable roads, thanks to plastic",http://timesofindia.indiatimes.com//city/rajkot/Rajkot-to-get-more-durable-roads-thanks-to-plastic/articleshow/56276037.cms
Sarpanch supporter thrashed,http://timesofindia.indiatimes.com//city/rajkot/Sarpanch-supporter-thrashed/articleshow/56275980.cms
"After 5 years, gems theft detected",http://timesofindia.indiatimes.com//city/rajkot/After-5-yrs-gems-theft-detected/articleshow/56276011.cms
Civic body on drive to improve ranking,http://timesofindia.indiatimes.com//city/rajkot/Civic-body-on-drive-to-improve-ranking/articleshow/56276051.cms
Sindhu is such a good player that you have to be at your best when you face her on court: Marin,http://timesofindia.indiatimes.com//city/hyderabad/sindhu-is-such-a-good-player-that-you-have-to-be-at-your-best-when-you-face-her-on-court-marin/articleshow/56272593.cms
NGO to help 4 lakh women detect breast cancer,http://timesofindia.indiatimes.com//city/nagpur/NGO-to-help-4L-women-detect-breast-cancer/articleshow/56275123.cms
"VHP harps on common code, temple",http://timesofindia.indiatimes.com//city/nagpur/VHP-harps-on-common-code-temple/articleshow/56275158.cms
"VIMS will not be privatised, says new chief",http://timesofindia.indiatimes.com//city/visakhapatnam/VIMS-will-not-be-privatised-says-new-chief/articleshow/56275266.cms
"Cash situation eases, but cheques clog system",http://timesofindia.indiatimes.com//city/nagpur/Cash-situation-eases-but-cheques-clog-system/articleshow/56275394.cms
Uh-oh! What a thanda NYE it was in Hyderabad,http://timesofindia.indiatimes.com//city/hyderabad/uh-oh-what-a-thanda-nye-it-was-in-hyderabad/articleshow/56272681.cms
Adding fragrance to the New Year,http://timesofindia.indiatimes.com//city/visakhapatnam/Adding-fragrance-to-the-New-Year/articleshow/56275217.cms
Zoo to add more animals in 2017,http://timesofindia.indiatimes.com//city/visakhapatnam/Zoo-to-add-more-animals-in-2017/articleshow/56275109.cms
Infrastructure development on the cards,http://timesofindia.indiatimes.com//city/visakhapatnam/Infrastructure-development-on-the-cards/articleshow/56275242.cms
"Notes exchange gang held, money recovered",http://timesofindia.indiatimes.com//city/visakhapatnam/Notes-exchange-gang-held-money-recovered/articleshow/56275209.cms
Kolkata airport to get FM radio station,http://timesofindia.indiatimes.com//city/kolkata/kolkata-airport-to-get-fm-station/articleshow/56276891.cms
GVMC to set up plastic recycling plant,http://timesofindia.indiatimes.com//city/visakhapatnam/GVMC-to-set-up-plastic-recycling-plant/articleshow/56275227.cms
We are 16 going on 17,http://timesofindia.indiatimes.com//city/visakhapatnam/We-are-16-going-on-17/articleshow/56275277.cms